Specimen,Drive,f_Hz,EnergyLossPerCycle_J_per_m3,PowerLoss_W_per_m3,Br_T,Hc_A_per_m,dBdH_0,Hmax_A_per_m,Bmax_T,R2_Vx,R2_Vy
Iron Nail,C-V3,49.96791740990574,1883.6723987585865,94123.18684848808,0.03920074712599985,763.9770782116376,5.013065522315001e-05,3070.5597296892743,0.15638516963386045,0.9992918193499465,0.9985776424205124
Hacksaw Blade,C-V3,49.93359258307218,1022.1588776376448,51040.06495112849,0.049568478297712534,381.0760767018036,0.00014298669836641835,1317.2440029783036,0.17170177626190836,0.9982686050564011,0.9972132016420786
Transformer Stampings,C-V3,49.95908014490784,299.99602461932227,14987.525437110466,0.006400193566446708,116.81479906036388,5.474177926114123e-05,2995.225834731081,0.1630084766075484,0.9995524670053043,0.997875641971907
Ferrite Rod,C-V3,49.95629489593129,185.39588747435482,9261.691627161765,0.003846303339052823,84.05248868304253,4.5246595439633337e-05,3080.275997323156,0.13986362436606875,0.9993972636647347,0.9991849660176678
